"Ward","Total2010","White2010","Black2010","Asian2010","HisLat2010","Other2010","Whiteperc","Blackperc","Asianperc","Hisperc","otherperc","PERCENT OF HOUSING CROWDED","PERCENT HOUSEHOLDS BELOW POVERTY","PERCENT AGED 16+ UNEMPLOYED","PERCENT AGED 25+ WITHOUT HIGH SCHOOL DIPLOMA","PERCENT AGED UNDER 18 OR OVER 64","PER CAPITA INCOME","HARDSHIP INDEX","Birth Rate","General Fertility Rate","Low Birth Weight","Prenatal Care Beginning in First Trimester","Preterm Births","Teen Birth Rate","Assault (Homicide)","Breast cancer in females","Cancer (All Sites)","Colorectal Cancer","Diabetes-related","Firearm-related","Infant Mortality Rate","Lung Cancer","Prostate Cancer in Males","Stroke (Cerebrovascular Disease)","Childhood Blood Lead Level Screening","Childhood Lead Poisoning","Gonorrhea in Females","Gonorrhea in Males","Tuberculosis","Below Poverty Level","Crowded Housing","Dependency","No High School Diploma","Per Capita Income","Unemployment"
1,56149,25337,3749,1704,24204,1155,0.451245792445101,0.0667687759354575,0.0303478245382821,0.431067338688133,0.0205702683930257,2.61534132397727,15.4337815455306,7.17407968084917,13.5179540152095,23.3642718481184,39259.5604374076,14.7115888083492,18.5601702612691,61.4668560437408,8.38897932287307,76.5074444780851,10.2663912091043,55.0050704375857,8.46888991789702,12.6138435234822,143.053126502698,12.945131703147,95.0145950951932,7.87860870184687,4.78367379650573,31.2975066341342,16.9851787209033,32.8243316888992,332.888224189211,0.648593919749239,188.04796345438,173.695786211687,5.34204171044898,16.2007622575647,2.42660421378831,24.2884806496999,15.194324030704,35934.8734794921,6.53707100749791
2,55805,42695,3159,3650,5223,1078,0.765074814084759,0.0566078308395305,0.0654063255980647,0.0935937639996416,0.0193172654780038,1.88021682644924,13.3859940865514,6.62572350147836,5.89387510079742,22.1826126691157,72184.7824388496,3.96803153839262,13.5576149090583,43.9199874563211,8.48548696353373,72.3135668846878,9.7315007615805,34.5290135292537,4.79763462055371,20.9859492876982,143.111217632829,14.473869724935,54.9564340112893,4.14826449242899,5.51571364573067,32.5410644207508,17.1942854582923,27.2919415822955,294.624874115223,0.292188871964878,197.758905116029,200.218847773497,4.34529701639638,13.9074599050264,1.8161777618493,22.7973335722606,6.64944001433563,70207.5295045247,5.35952334020249
3,53039,11892,34051,3984,1975,1137,0.22421237202813,0.64199928354607,0.0751145383585663,0.0372367503158054,0.0214370557514282,2.56889081619186,25.6981296781614,16.4368181903882,14.27467335357,31.7221063745546,35863.2694243858,41.2924074737457,16.8394747261449,63.462472897302,11.5985218424178,75.9405041573182,12.2682837157563,53.3604894511586,19.9721865042704,27.4383378268821,210.998625539697,25.0437621372952,81.1927091385584,16.3470936480703,10.2555308358001,60.9762627500518,54.3110597861951,53.2025094741605,443.553221214578,0.586986934142801,957.227785214653,992.854310978714,7.44453138256754,23.7251267934916,2.44769132148042,31.6361300175343,16.2178717547465,35836.5676200532,15.173770244537
4,54589,12421,34409,4250,2007,1502,0.227536683214567,0.63032845445053,0.0778545128139369,0.0367656487570756,0.0275147007638902,1.98658520947444,24.0768048507941,15.6100826173771,10.7000604517394,29.4931488028724,37915.5359321475,32.771290919416,11.8754785762699,44.9424774221913,9.97333162358717,76.9383758632692,10.1002234882485,26.9074685376175,13.0652823828977,27.026450383777,186.800294931213,23.8295279268717,63.3867720603052,12.1346498378794,9.34872043818352,50.4603216765282,45.2329425342102,42.0618696074301,413.635439374233,0.331695030134276,764.437943541739,721.975057245965,5.04769825422704,22.5822601623038,2.27746066057264,30.0150250050376,11.5243620509626,38605.1771052776,12.9467694956859
5,51455,11940,32685,3368,1915,1547,0.232047420075794,0.635215236614518,0.0654552521620834,0.0372169857156739,0.0300651054319308,2.26133514721601,24.9314099698766,15.3081352638228,10.0880633563308,31.864335827422,28714.4617432708,36.3758624040424,12.9215314352347,51.7842367116898,10.6872568263531,76.0720824020989,10.3579263434069,37.0952852006608,20.7408570595666,32.7525740938684,199.542913225148,20.0183228063356,63.972921970654,18.390574288213,10.9382936546497,53.8641317656204,42.1052492469148,41.2259469439316,418.082023127004,0.680742396268584,990.219671557672,882.836616460985,8.6747760178797,24.5913808181907,2.59850549023419,32.9135827422019,11.0281488679429,28581.5916237489,12.6287746574677
6,52341,226,50903,27,536,649,0.00431783878794826,0.972526317800577,0.000515847996790279,0.0102405380103552,0.0123994574043293,3.62362201715672,33.4329588658986,25.0018111996332,19.307894384899,41.1965667449991,16124.30501901,72.2827229132038,17.7283831031123,80.6843736267935,13.9934372671519,71.4038039013393,14.6704419097839,86.5785177967559,47.1821058061558,33.7273055539634,252.611256949619,29.0038249173688,89.6441737834585,42.639834928641,13.1882004547105,70.3623832177452,61.4603962476835,59.8444259758125,431.090357463556,1.79402953707419,2376.38447870694,2077.96659788693,7.47453621443992,29.7848684587608,3.94826235647007,42.2264954815537,20.1317475783802,16450.9315641658,20.1491259242277
7,51581,778,47283,89,2569,862,0.015083073224637,0.916674744576491,0.00172544153855102,0.0498051608150288,0.0167115798452919,3.47393226187937,28.2743238789477,19.356662336907,18.5062251604273,38.8026773424323,18886.9646963029,60.6437447897482,15.8111940443186,72.3635447160776,13.2300866598166,74.0100482735891,14.5842345049534,66.1692328570598,34.1082336519261,31.3089470929218,233.861776623175,26.1994629805549,89.0952308020395,31.2715302146139,13.6286054942711,60.2278183827378,52.7590430584905,51.1360636668541,461.230825303891,1.04297706519843,1555.91846028576,1139.52853957853,7.91959830170024,27.2613171516644,4.14485954130397,40.3377193152517,19.5399119830945,18208.7831372017,16.7631259572323
8,51687,292,49881,73,695,746,0.00564938959506259,0.965058912299031,0.00141234739876565,0.0134463211252346,0.0144330295819065,2.85612629868245,24.0149747518718,21.2657012401571,14.4189215856985,39.8971888482597,21061.9159943506,54.0223073500106,14.1730377077408,68.936041944783,13.992758333817,73.774564203765,14.6562404473078,64.0793100779693,34.5565113084528,33.3506452299418,231.43713893242,27.627374388144,83.9026118753265,31.9361967225801,12.5859423065761,60.1782421111691,52.2339872695262,52.2465320099832,430.433074080523,1.16274691895448,1617.82890862306,1572.22981794262,6.08429198831428,22.5195871302262,2.4974268191228,40.823930582158,15.3260897324279,20838.3830943951,18.2837618743591
9,51519,752,47917,33,2173,644,0.0145965566101827,0.930084046662396,0.000640540383159611,0.0421786137153283,0.012500242628933,3.04520856383082,26.4608532774316,22.4058211533609,18.4540946058736,42.4701605233021,16737.3836836895,60.4482812166385,14.2344921291174,66.2906830489722,13.582794697102,71.4945534657117,13.8939672742095,72.9779382363788,40.2150798734448,35.4796444030358,256.163073817427,32.0567635241367,91.901354839962,38.5552553426891,10.4269221064073,73.4761757798094,58.5239329179526,60.8570605019507,383.723532758992,1.59564218004395,1544.4730351909,1653.50098604398,7.43378559366447,26.2369980007376,3.14186998971253,42.3985500494963,18.9480269415167,16725.7242958908,19.0511869407403
10,51535,9159,9175,139,32587,475,0.177723876976812,0.178034345590375,0.00269719608033375,0.63232754438731,0.0092170369651693,5.26050257106821,22.4974716212283,13.9691103133793,26.6810439507131,41.9840904239837,17760.8871058504,62.6647715145047,16.7180324051615,81.16517900456,9.32120888716406,73.0964994663821,12.9980925584554,58.7599825361405,20.1834927719026,21.3674997574464,203.720131949161,18.3906490734452,78.8749005530222,19.5586203550985,8.86054526050257,51.1116716794412,36.5506607160182,42.7459571165228,404.931322402251,0.998026583875036,778.330700070341,550.320131645969,4.61024158338993,20.2965460366741,6.67854079751625,42.3066304453284,28.5325836809935,16814.1109537208,13.9366488794023
11,51497,19210,2302,17277,11886,822,0.373031438724586,0.0447016331048411,0.335495271569218,0.230809561722042,0.0159620948793134,5.52156824669398,23.1063498844593,14.792925801503,25.0104006058605,32.0184981649416,23070.0149717459,51.0077091869429,13.5795560906461,57.7494475406334,8.95785579742509,79.399359185972,11.3466959240344,35.3485814707653,7.87494417150514,18.7522865409636,177.847490145057,18.5771287647824,54.2164397926093,7.03599821348816,7.18933335922481,56.3846126958852,20.5308231547469,41.327523933433,424.44328213294,0.627079247334796,281.222698409616,184.016000932093,12.0052430238655,21.8863759053925,5.79188302231198,33.0782899974756,27.902268093287,24167.6856515914,11.9045148261064
12,52235,4517,1085,3725,42577,331,0.0864745860055518,0.0207715133531157,0.0713123384703743,0.815104814779362,0.00633674739159567,12.7672460993587,25.032552885996,14.5556733990619,45.5089461089308,36.2212654350531,13095.2622379631,82.4836412367187,19.1487718962382,87.8051153441179,7.41253182731885,82.9758935579592,9.24903417248971,63.0210682492582,9.61574806164449,23.1806585622667,137.838619699435,11.9256245812195,65.8057796496602,8.8507762994161,6.28782425576721,26.3464114099742,17.9535847611755,41.5780204843496,576.369149038001,0.834631951756485,189.104609935867,86.5837760242175,10.1157786924476,23.1557212596918,13.1860993586676,35.6448358380396,47.7778118120034,13388.5592227434,11.5461051019431
13,53722,17789,933,389,34260,351,0.331130635493839,0.0173671866274524,0.00724098134842336,0.637727560403559,0.00653363612672648,5.17272439596441,12.3495327798667,10.7377889877518,27.6195636796843,38.5032910167157,20479.1856595063,46.2585719072261,17.1129928148617,78.0404191951156,7.1504002084807,83.7731264658799,8.20726890287033,41.6262629835077,9.50313651762779,19.9200569599047,173.881901269499,18.3118275566807,67.9434291351774,10.0066434607796,7.3879285953613,49.3642772048695,24.0151818621794,46.4613082163732,420.702641375973,0.223761215144633,381.322029702682,352.022333291063,3.09576709727858,10.7047280443766,5.49126614794684,39.3436897360485,27.8103142101932,19649.8995942072,9.24258962808533
14,54031,9115,786,758,43164,208,0.16869945031556,0.0145472043826692,0.0140289833614036,0.798874720068109,0.00384964187225852,11.721185985823,18.8285632322185,16.08819936703,41.6345690436971,38.8050008328552,15691.2104347504,75.4118561566508,19.3710999241176,85.7981510614277,7.43832429531195,79.6728840850623,8.11928337435916,53.6199126427421,11.8181192278507,25.4847976161833,177.530399215265,14.5736392071218,68.9065666006552,11.5471247987267,5.26794617904536,41.2151339046103,32.0695730228943,46.1085691547445,536.121643130795,0.619603560918732,313.013254456932,271.677648103635,5.75416890303715,17.2581258906924,12.3580426051711,40.1768614314005,43.4103570172679,15323.2839851197,12.6351964612907
15,51501,2442,11405,483,36874,297,0.0474165550183492,0.22145201064057,0.00937845867070542,0.715986097357333,0.00576687831304246,11.7578008194016,27.5149065066698,21.5414516222986,40.583978951865,39.413770606396,12572.9727772276,87.8718859827965,20.8805304751364,92.2247645676783,10.4610512417235,76.5198695170968,10.5865070581154,81.939865245335,23.3652958194987,27.9856585309023,194.405275625716,20.5759655152327,77.7044329236326,20.9524028659638,7.99715733675074,49.5503893128289,37.0746179685831,48.2597716549193,546.888943904002,1.19759422147143,946.225801440749,727.268309353216,10.3708083338188,27.2200695132133,11.8838857497913,40.7836236189588,43.1030484844954,12353.1365992893,18.0850896099105
16,51954,728,35474,83,15170,499,0.014012395580706,0.68279631982138,0.0015975670785695,0.2919890672518,0.00960465026754437,7.8950725641914,32.039473380298,24.4204334603688,33.4598952919891,40.4814797705663,12341.4718404743,87.5286599684336,20.516441467452,89.4188089463756,11.846645109135,73.2564345382454,11.5674827732225,88.3641914000847,31.2269045694268,29.4390537783424,213.791738845902,25.0684451630288,81.6472918350849,27.9918851291527,10.8787273357201,56.2534434307272,45.8024290718713,61.2093698271548,498.764772683528,1.70367632906032,1657.40517765716,1489.01317319167,8.37105131462448,28.752773607422,8.45685029064172,41.0622242753205,35.1931978288486,12512.6930361474,20.0705046772145
17,51846,1134,41917,105,8183,507,0.0218724684642981,0.808490529645489,0.00202522856150908,0.157832812560275,0.00977896076842958,5.49287698183081,29.620796204143,25.2305346603402,24.9611310419319,41.0906685183042,13891.8771361339,79.0463102264398,18.2290842109324,81.453068703468,11.9214384909154,72.6641071635227,12.7736373104965,83.8792790186321,34.520232997724,34.3470142344636,219.4268236701,25.397602515141,80.7381321606296,29.7297766462215,13.1388496701771,56.9232804845118,42.8597365274081,62.6399085753964,457.864396481889,1.60912510126143,1877.36706592601,1787.42965899009,7.33253288585426,25.696130849053,5.52300852524785,41.0257744088261,26.2691548046137,14408.2071712379,21.1898603556687
18,52992,6715,28827,336,16524,590,0.126717240338164,0.54398777173913,0.00634057971014493,0.311820652173913,0.0111337560386473,4.59069293478261,14.1167515851449,13.3910212862319,20.0997678894928,37.7852638134058,21355.9872999698,45.9772229770531,15.6290043780193,71.8496395682367,9.17852506038647,81.230193236715,11.3129698822464,45.3203974184783,15.271958031401,35.2264530495169,220.901351147343,23.295491772343,78.8864639945652,13.8884246678744,10.598828125,59.4055310235507,40.5601147342995,50.4320444595411,396.258878698672,0.425192481884058,705.11574388587,755.270255887681,4.692789477657,12.3701181310386,4.59463503925121,37.5828106129227,20.6772626056763,20461.6611752717,10.0850335899758
19,51525,34595,13052,314,2786,778,0.671421639980592,0.253313925278991,0.00609412906356138,0.0540708393983503,0.0150994662785056,0.912310528869481,6.47441824357108,9.99155943716642,5.67924890829694,39.0794449296458,34555.6112372635,17.9363803978651,12.1002328966521,61.7527297428433,7.6074332848132,85.8456496846191,12.4207879670063,18.9550101892285,7.0764987869966,36.8823250849102,203.99447840854,25.3691411935953,66.0666026200873,7.9888442503639,8.28436487142164,51.0506123241145,33.1859699175158,43.5966715186803,191.859699175158,0.818274623968947,608.509431980835,678.707706908054,0.643377001455604,6.52517612809316,0.872968461911693,38.2432683163513,6.31289082969432,34480.8593304221,9.22341193595342
20,52372,2023,41397,694,7477,781,0.0386275108836783,0.790441457267242,0.0132513556862446,0.142767127472695,0.0149125486901398,6.00599557015199,34.2336534789582,24.7380737798824,26.6172057588024,39.1098258611472,15204.4628809287,77.5276101733751,18.3896337737722,76.1955720614069,15.2180860001528,73.7008439624227,14.7171007408539,77.6970155808447,34.9499446268999,29.0249236233102,245.52137401665,27.9406514931643,86.8905464752158,31.0610459787673,12.118561445047,72.6607977545253,55.1610536164363,56.2552451691744,478.521276636371,1.38007904987398,1643.36185939051,1593.37393263576,11.6564729244635,32.4858149392805,5.75488619873215,40.4659741846788,28.0369395860383,15134.239479111,18.9061769647903
21,51632,149,50455,17,468,543,0.00288580725131701,0.977204059497986,0.00032925317632476,0.00906414626588162,0.0105167338084909,2.87237178493957,23.2795146420824,24.9139719553765,16.6542764177254,42.0244112178494,17236.3324488689,62.8547799814069,13.9758405639913,67.199682367524,14.4022854044004,72.7310679423613,14.5931960799504,76.4069336845367,38.2416079175705,44.0488456770995,249.681794236133,26.9622733963434,83.180535326929,34.228614037806,13.4316993337465,66.9208610938953,49.2205841338705,60.5526340254106,384.531054384878,1.51618763557484,1733.76063875116,1721.30636814379,5.95543074062597,21.1028083359157,2.96063487759529,42.0301014874496,17.8601991013325,17540.847826929,21.4826444840409
22,53515,2118,4417,182,46597,201,0.0395776884985518,0.0825376062786135,0.00340091563113146,0.870727833317761,0.00375595627394189,13.4861179108661,28.4249089040456,15.4098458376156,49.8295674110063,34.5540353172008,12348.2087825843,88.1247687564234,18.8024759413249,91.578566756984,7.85647201719144,84.4424329627207,9.73991404279174,73.1287695038774,11.9221694851911,16.2063421470616,143.49630197141,11.7303746613099,67.7516303840045,9.45784546388863,5.95540128935812,22.3048042604877,33.0628982528263,38.7763113145847,574.881384658507,0.732802018125759,337.189449687004,163.942847799682,7.41331402410539,26.107257778193,15.5294515556386,34.0746089881342,53.2466392600206,12414.964084836,11.2843894235261
23,53728,15911,1347,346,35823,301,0.296139815366289,0.0250707266229899,0.00643984514592019,0.666747319833234,0.00560229303156641,6.82009380583681,15.9263977814175,13.5817692823109,30.2012823853484,38.8160623883264,18692.0289234664,57.466330405003,17.8962384603931,81.0380230047647,7.44342986896962,81.2854377605718,8.86094773674806,47.1520175699821,11.9344810899345,22.2491959499702,185.58137097975,19.1617350357356,70.931108546754,11.4634213073258,7.43379429720071,49.7020324597975,28.8177523823705,47.6477870011912,459.255987567004,0.421772632519357,440.736049173615,405.588563691185,4.05533986003574,13.3956819535438,6.5034116289458,39.7018872840977,30.9095238981537,18432.0611785289,10.5534898004765
24,54909,2185,46937,121,5245,421,0.0397931122402521,0.854814329162797,0.00220364603252654,0.095521681327287,0.00766723123713781,9.5454151414158,39.655540985995,20.0492523994245,33.6316141251889,40.5141288313391,11676.1014405653,89.089238558342,20.1566409878162,88.0611411608297,13.6741317452512,77.5711030978528,14.0370303593218,99.7935984993353,36.4687136899233,36.0795771185052,227.920442914641,27.2517911453496,91.9734979693675,30.0681090531607,12.1153144293285,50.1865104081298,52.3335099892549,60.3599318873044,566.224063450436,1.215407310277,1987.48335063469,1660.40881094174,9.07137809830811,36.0331931013131,9.92908084284908,39.2253273598135,36.7791127137628,12104.0386093354,17.0657487843523
25,54539,10871,4758,7543,30670,697,0.199325253488329,0.0872403234382735,0.138304699389428,0.562349878068905,0.0127798456150644,7.64952969434716,25.679686096188,14.4400649076807,32.1780689048204,30.5382588606318,23849.4877793872,61.2713287739049,16.0741616091237,63.2418452850254,6.38000330039055,79.8677166798071,9.43842571370946,41.3151634610096,10.261196574928,26.6232824217532,155.489260895873,14.6250609655476,58.6892462274703,9.72403601092796,5.80397880415849,38.8454463778214,18.1979592585123,40.4040594803718,527.461840151085,0.657419461302921,218.495581143769,177.108442525074,13.0011734721942,26.0915399988999,8.17768202570638,32.2685234419406,35.0479730101395,22766.3718440015,12.0479271713819
26,53516,10470,6619,576,35211,640,0.195642424695418,0.123682636968383,0.0107631362583153,0.657952761790866,0.011959040287017,9.36247664249944,25.5837002018088,12.8434038418417,26.4400384931609,31.6418884072053,24818.9637117871,54.5742021077808,19.0041707153001,72.7960217505045,10.516542716197,73.4036082666866,11.0443530906645,67.5585862172061,19.7894293295463,20.4215729875177,179.270507885492,20.377040511249,94.611415277674,15.9572950145751,7.71679871440317,39.7997327901936,36.5200967934823,43.8640107631363,396.375173779804,0.988870618132895,753.502135809851,586.517192989013,7.95016443680395,25.1723241647358,7.37891471709395,32.2204835936916,27.7991198893789,23196.2853352268,9.86163950967935
27,52939,13328,31471,1803,5347,990,0.25176146130452,0.594476661818319,0.0340580668316364,0.10100304123614,0.0187007688093844,6.48077220952417,23.8198964846333,11.9282494947014,16.4993275279095,28.6265626475755,42770.0713273768,36.7627080224409,17.0049094240541,61.2024103213132,10.7099756323316,73.3013676117796,11.2857930826045,54.7848996014281,17.0846974820076,25.2676155575285,185.3732975689,19.7860934282854,73.3779500935038,14.0535805360887,8.27807287632936,47.1526568314475,36.705821794896,40.1984623812312,389.670418783883,0.663941517595723,816.926581537241,632.221043087327,9.34585088498083,23.6979391374979,5.44399591983226,29.2139764634768,18.0846578137101,41048.3414495929,9.78523583747332
28,55199,6432,41554,2680,3720,813,0.116523850069748,0.752803492816899,0.0485516041957282,0.0673925252269063,0.014728527690719,6.7909128788565,32.8637620246744,19.5123426149024,19.9181905469302,36.1895052446602,21891.9643834127,64.2469791119404,18.9547310639686,75.8327813909672,14.4170945125818,74.0006884182684,14.4646515335423,80.9779742386637,31.0906393231761,37.2368974075617,248.1888240729,26.5735556803565,97.0533216181452,27.0678146343231,13.1904907697603,66.0004311672313,61.9526603742821,57.0989075889056,477.251102375043,1.20643127592891,1942.05280711607,1543.71869236762,9.85188137466258,31.7043768908857,6.38101958368811,36.2964800086958,21.9578561205819,21143.1167955941,18.2640428268628
29,55267,8625,38026,654,7262,700,0.156060578645485,0.688041688530226,0.0118334630068576,0.131398483724465,0.0126657860929669,6.37578844518429,26.149733113793,20.9251705357628,23.7420648850128,37.6390250963504,17221.3050102231,67.7621365371741,17.5223533030561,79.2582173810773,14.1608609115747,74.0160674543579,13.5071308375703,75.5175909674851,29.9441113141658,32.6116181446433,247.31305118787,28.297135722945,106.509884741347,24.9138491323937,11.9445021441366,69.5908372084607,62.3994987967503,53.5664410950477,458.422134365896,1.76626377404238,1549.40066650872,1488.77878596744,5.32302820851503,24.4260734253714,5.64937123419039,38.3617457072032,24.7854524399732,17131.8767619013,19.2213038522084
30,55560,15566,1169,1711,36415,699,0.28016558675306,0.021040316774658,0.0307955363570914,0.655417566594672,0.0125809935205184,7.72909467242621,15.743288336933,12.1635817134629,28.6625161987041,34.2702789776818,19909.6658927286,51.3136429085673,17.9578509719222,78.7041486681065,7.11298956083513,76.0465928725702,8.14631749460043,57.5729427645788,5.33585133189345,18.7237041036717,153.247501799856,16.5874730021598,55.3225593952484,5.15422606191505,5.42419546436285,38.3027627789777,26.5758081353492,38.0185781137509,371.812185025198,0.686882649388049,100.867734262509,108.728813894888,8.56894528437725,15.2908441324694,7.28973002159827,34.0634773218143,28.6641738660907,19742.5990460763,10.5725107991361
31,53724,10184,1263,989,40767,521,0.189561462288735,0.023509046236319,0.0184089047725411,0.758822872459236,0.00969771424316879,7.95310103491922,17.7179361179361,12.9906168565259,32.5403469585288,35.062273844092,18685.2475243839,58.6343719752811,18.9959980641799,81.7355595264686,6.91431203931204,76.0593161343161,8.19702181520363,64.4450208472936,7.75080969399151,15.9765709924801,149.611802918621,16.3235723326632,59.8435559526469,7.19472675154493,6.11612687067232,36.3208472935746,24.7469026878118,35.098347107438,388.676020028293,0.744248380612017,119.242634576725,127.098751023751,9.94632008041099,17.474592360956,7.90837242200879,34.9497505770233,32.8496537860174,18252.843924503,11.0989222693768
32,55184,40036,1474,2511,9996,1167,0.725500144969556,0.0267106407654393,0.0455023195129023,0.18113946071325,0.0211474340388518,1.96531603363294,13.396785300087,6.58863982313714,9.50108183531458,23.9482368077704,46539.8907291969,13.537257175993,17.8505273267614,59.4521999130183,7.53963648883734,78.2830512467382,9.21065345027544,38.2262449260655,5.04795955349377,14.4273285734996,145.707581907799,16.3623278486518,64.2663924325892,5.84684147579008,3.51462561612061,37.2695400840823,18.0319839083792,33.2479396201798,273.230961873007,0.757870034792694,143.694723108147,190.034946723688,5.11267939982604,13.3772687735576,1.91338069005509,23.9244998550304,11.5091801971586,43536.454914468,6.01911061177153
33,55598,17958,1961,4956,29413,1310,0.322997230116191,0.0352710529155725,0.0891398971186014,0.52902982121659,0.0235619986330444,8.38575308464333,16.2174322817368,9.8144681463362,27.3963200115112,31.6552969531278,23169.5747688766,43.9315083276377,17.4732778157488,73.4714791898989,7.97033706248426,75.8326018921544,8.78539695672506,45.8558833051549,4.48068455699845,23.8996618583402,156.633292564481,16.918567214648,63.7095956689089,5.26726500953272,5.20769092413396,37.4520576279722,20.1092053670995,39.3814885427533,359.40232742185,0.88253174574625,108.043343060901,93.0542224990107,12.7151192488938,14.3621191409763,8.05873592575272,31.5687920428792,28.3610183819562,22645.602072017,9.49477679053203
34,51599,273,50042,39,667,578,0.00529080020930638,0.969824996608461,0.000755828601329483,0.0129266071047889,0.0112017674761139,2.237491036648,20.1822244617144,18.9651485493905,16.4477470493614,41.5609430415318,19617.7526114847,50.5117153433206,14.073140952344,68.1587395104556,13.9472567297816,71.9560475978217,13.7790034690595,66.4643055097967,37.286075311537,33.7657919727126,252.580393030873,30.8822864784201,84.6594701447703,36.1329444369077,11.3347060989554,69.2146727649761,55.812897536774,57.4229868795907,364.973954921607,1.43468865675691,1386.94853582434,1442.14046202446,6.55276071241691,19.434018101126,2.41160681408554,41.2951433167309,17.6647105564061,19325.7187736196,16.9721254287874
35,55281,10855,2359,2791,38313,963,0.196360413161846,0.0426728894195112,0.0504875092708164,0.693059098062625,0.0174200900852011,6.51986396772852,17.0749895985963,9.87858215300013,26.1001374794233,30.8574700168231,24043.1063475697,42.5141911325772,18.234992131112,73.1802047719831,7.48796512364103,76.6857148025542,8.87668638411027,56.921631301894,7.07835603552758,18.3057017781878,149.286264720247,15.530321448599,66.4514064506793,7.75482896474376,5.67866536423002,35.5421591505219,21.4268301948228,35.0372967203922,368.029988603679,0.846135200159187,142.028823646461,114.253714657839,11.8661022774552,16.0120222137805,6.60546661601635,30.9031367015792,27.7332446952841,23058.1768419529,9.49983176860042
36,54766,14395,1883,1461,36496,531,0.26284556111456,0.0343826461673301,0.0266771354490012,0.666398860606946,0.00969579666216266,8.58524997261074,16.2340247598875,13.5347861812073,30.037999853924,36.5490322462842,19117.7791330387,56.6095752839353,17.7719643574481,81.5548259869262,7.12255779133039,76.7103074900486,8.31571960705547,57.1599368221159,6.63074717890662,19.5096191067451,159.323220611328,18.2016415294161,60.3893419274732,5.82671548040755,5.39622028265712,39.8963681846401,24.5077018588175,37.2415622831684,360.573509111493,0.679419712960596,235.610275678569,241.32712395122,6.96984442902531,15.4792992002337,7.82797538618851,36.0094657269109,30.8627542635942,18814.8127487857,10.9459427381952
37,51538,752,40790,183,9356,457,0.0145911754433622,0.791454848849393,0.00355077806666925,0.18153595405332,0.008867243587256,8.55250688812139,30.0603845706081,21.2212813846094,27.2958419030618,37.9557394543832,15358.5490511855,76.2543172028406,18.3268248670884,80.3021362877876,14.5915790290659,72.3663568628973,13.6316620745857,80.9435542706353,33.0044006364236,31.8593814272964,248.674496488028,28.9647172959758,108.705714230277,27.0097151616283,12.4077321587955,67.5495304435562,65.2699367457022,56.0337653770034,480.681206100353,1.8125848888199,1615.16995614886,1487.05922620203,6.82999922387365,28.540562303543,7.16390624393651,38.8336858240522,28.1118242849936,15228.9518607629,18.7319298381777
38,56001,38754,485,2319,13680,763,0.692023356725773,0.0086605596328637,0.0414099748218782,0.244281352118712,0.0136247567007732,4.65775789718041,11.228913769397,11.0100998196461,17.3294744736701,33.6394135819003,25419.3122979947,30.8742522454956,13.371632649417,65.5227674505812,6.70926412028357,81.4134390457313,9.18025570971947,29.194959018589,3.60368743415296,23.3964125640614,179.454607953429,20.862639952858,45.1679220013928,5.25132229781611,4.69537151122301,49.3249209835539,19.3573471902287,34.9009999821432,254.993855466867,0.289789468045213,139.745475750433,108.327429309298,3.25263477437903,10.0840967125587,4.50860520347851,34.428456634703,18.0191871573722,25286.8016106855,9.30915876502205
39,55882,30133,1495,9238,13111,1905,0.539225510897964,0.0267528005440034,0.165312623027093,0.234619376543431,0.0340896889875094,5.74480870405497,13.2772466984002,9.42736301492431,19.0563276189113,35.9091532157045,28816.974607208,33.8513116924949,13.7576214165563,64.6868437063813,8.28569664650514,78.2578003650549,9.49922694248595,24.2824200994954,3.87294656597831,23.5414766830106,155.508002576858,18.4988422032139,57.8959808167209,5.04252353172757,5.01428903761497,36.3052181382198,17.0359847535879,35.0790218675065,296.844502702122,0.559478901972012,542.100207524337,506.392528732418,9.54620271285924,11.7425020579077,5.58678107440678,36.1538169714756,20.9469024014888,27435.553756129,8.08619233384632
40,55319,28138,3817,8757,13049,1558,0.508649830980314,0.0689998011533108,0.158300041577035,0.23588640430955,0.0281639219797899,4.92359587121965,14.5952764872829,8.56744156618883,15.0395307218135,28.9549124170719,32217.0077730979,26.4279723060793,16.2289249624903,65.1115819157975,8.09587483504763,76.7785914423616,8.9808076790976,32.145024313527,5.45337768217068,20.7854480377447,156.826865995408,13.1318100471809,57.0172580849256,4.98751604331242,4.82206475171279,40.5348361322511,22.8660749471249,35.3944087926391,300.441540881072,0.659876353513259,122.958983351109,249.531284007303,9.14671270268805,12.9785914423616,4.53617925125183,28.9215188271661,14.1715522695638,30648.5590665052,7.51816554890725
41,56012,46122,568,2842,5596,884,0.823430693422838,0.010140684139113,0.0507391273298579,0.0999071627508391,0.015782332357352,2.02120340769052,7.08187387258667,7.90420781911379,9.84652533442875,37.0482416816988,34406.1080888,17.8701934239431,11.5467968066296,61.6360111446483,5.53271775821114,86.3506152774553,8.7602543265882,6.15680020003215,3.77624618242218,19.754333732207,170.055376756979,15.7283902770088,47.3339947491561,8.68707470843528,3.92510939258095,41.3965619474558,21.6351038559769,41.489455448197,160.880102159276,0.0935864692539873,906.0515625,852.7046875,2.58530835312818,6.43586112053723,1.77607829829794,37.1616616956297,11.2454412316265,33648.3317854655,6.63642371095355
42,55870,38810,2933,9447,3233,1447,0.694648290674781,0.0524968677286558,0.169088956506175,0.0578664757472704,0.025899409343118,2.12281009486308,14.6688240558439,7.29078217290138,3.94857705387507,20.2253284410238,74974.0017719707,3.95043851798819,11.7135833184178,37.3850850187936,7.83869876499016,73.2338500089493,9.08127438696975,26.3433542151423,4.50458206550922,24.5303758725613,146.946889207088,14.6779434401289,33.6740647932701,4.46241990334706,6.72209056738858,37.9176839090746,18.760295328441,30.024601754072,322.139148022194,0.221775550384822,279.623087524611,265.214480042957,7.18221406837301,14.2222928226239,2.30310363343476,21.2585681045284,4.81099695722212,74091.3983712189,5.88136746017541
43,56170,47644,1765,2897,2704,1160,0.84821078867723,0.0314224675093466,0.0515755741499021,0.0481395762862738,0.0206515933772476,0.917755029375111,12.3642300160228,5.30339505073883,3.48224497062489,21.6177550293751,73383.4823571301,1.89294997329535,12.9323749332384,38.400259925227,6.81410005340929,75.0576998397721,7.99269004806836,5.51489585187823,1.02115008011394,23.7321150080114,151.808089727613,16.5287199572726,47.6271443831227,2.39634502403418,2.83890510948905,39.3148798290903,25.9939896742033,33.8762346448282,188.062198682571,0.546474986647677,71.0784101833719,108.376038810753,1.66031511482998,11.9712800427274,0.749870037386505,20.7104450774435,4.20365497596582,73090.1084208652,4.57493501869325
44,56058,46286,1597,3430,3567,1178,0.825680545149666,0.0284883513503871,0.0611866281351457,0.0636305255271326,0.0210139498376681,1.1,11.4,4.7,2.6,17,60058,5,13.5,38.7,6.3,79.1,8.1,15.8,1.4,20.1,126.9,13,38.5,1.8,2.2,32.5,17,24.4,179.2,0.4,81.8,357.6,3.2,10.5,1.2,16.5,2.9,58227,4.7
45,55967,36009,861,4174,13736,1187,0.643397001804635,0.0153840656100917,0.0745796630157057,0.245430342880626,0.0212089266889417,3.48723890864259,9.72271517144031,11.5372272946558,15.8998284703486,35.1334179069809,27831.9719120196,28.2779137706148,13.6831347043794,66.0193310343595,6.6880929833652,82.1655386209731,8.50896778458735,30.0231975985849,4.19374988832705,21.9678149623886,185.495129272607,19.6788839852056,49.8226883699323,5.13824039165937,6.2135186806511,48.1931781228224,23.922827737774,40.7192148944914,254.390696303179,0.315528793753462,558.855481969285,515.928830884718,5.70281773187771,8.69713759894223,3.18549859738775,34.9814533564422,15.9827791377061,27117.1267353976,9.34044347561956
46,53784,30787,10686,4760,6188,1363,0.572419306857058,0.198683623382419,0.0885021567752491,0.115052803807824,0.0253421091774505,2.91069277108434,19.8498995983936,7.51663319946453,8.76976796073182,20.487260151718,43781.2132418563,15.0594042838019,13.2317492190986,46.6133980365908,7.64125390450692,78.1611222668452,9.57537929495761,28.7431001784917,4.08250780901383,20.9047523427041,164.723360107095,18.0297021419009,66.3310185185185,3.67775546630968,5.08369589468987,44.5712851405622,22.4991410084784,36.0018462739848,296.224403168228,0.467062695225346,141.485798750558,432.106654395359,10.174520303436,18.6816488174922,3.48013163766176,20.3225736278447,10.075708389112,40876.5394912985,6.71188085676038
47,55074,41172,1484,3343,7700,1375,0.74757598866979,0.0269455641500527,0.0607001488905836,0.13981188945782,0.0249664088317536,1.83242183244362,12.2879707302902,6.46246686276646,7.44463630751353,23.2471801576061,49349.0235501326,10.8962668409776,17.4805153066783,59.6390837781893,8.10883175364056,79.6148945055743,9.49971856048226,21.7719940443767,2.81557177615572,19.3984439118277,152.802567454697,18.2868449722192,54.3625031775429,2.991255401823,3.56417002578349,41.9334005156698,20.2132276573338,36.7952318698478,233.120054835312,0.602787159095036,104.016232705088,281.368101100338,5.8927679122635,11.3844718015761,1.90606456767259,22.9020408904383,7.99030577041798,45818.0856665577,5.66651414460544
48,55909,30112,9043,7331,7759,1664,0.538589493641453,0.161744978447119,0.131123790445188,0.138779087445671,0.0297626500205691,4.05480870700603,19.0736983312168,9.15480870700603,10.0163390509578,23.5589797706988,33746.8316192384,19.1506376433132,12.2506376433132,48.4615303439518,7.62051011465059,76.3410202293012,7.8368491656084,18.1127528662648,5.7397449426747,18.9217854012771,165.208581802572,16.8477418662469,53.4998944713731,4.00544635031927,6.8397449426747,41.6666314904577,23.9259564649699,33.0365039617951,315.393757713427,0.839744942674704,127.737328515981,433.706270904506,10.966976694271,17.5188896242108,4.00544635031927,23.2192348280241,9.69293315924091,33212.0066178969,8.80417106369279
49,55895,21693,14966,3765,13455,2016,0.388102692548528,0.267752035065748,0.0673584399320154,0.240719205653457,0.0360676268002505,7.70466589140352,23.3013829501744,8.70466589140352,18.3213131764916,28.0132480543877,23897.0536362823,39.3266123982467,16.4419930226317,62.9938348689507,10.8646891492978,72.911348063333,11.0646891492978,40.2914178370158,7.61134806333304,23.1553573664907,175.92016280526,24.926728687718,76.3254620270149,5.13001162894713,6.33934341175418,36.6673387601753,21.3500581447357,33.7466589140352,363.146258162626,0.523329457017622,314.031407102603,413.147020305931,11.2833527149119,22.3453922533321,7.85800697736828,29.2432596833348,18.1699883710529,23604.8648000716,7.5186635656141
50,55809,25210,5671,12556,10533,1839,0.451719256750703,0.101614434947768,0.224981633786665,0.188733000053755,0.0329516744611084,7.63130677847659,17.026981311258,8.84758013940404,20.5231700980129,38.5216273360927,23192.9485208479,45.4376892615886,17.0231700980129,82.0412890394022,8.16920747549678,71.4460373774839,8.38218387715243,29.0608593596015,5.67888691788063,20.2086509344371,155.372292999337,17.4989714920533,60.4307925245032,3.67404719668871,5.11297640165565,35.9437689261589,14.2173018688742,34.3539626225161,330.790109122185,0.974047196688706,174.092054540934,233.685975660288,8.9,14.9832123850992,6.86158504900643,38.3605565410597,19.5394434589403,21529.2461610135,7.8826981311258
